chr1-16210132	A:0	A:0	A:0	A:0
chr1-16210133	C:0	C:0	C:0	C:0
chr1-19868240	CA:0	CA:0	CA:0	CA:0
chr1-19868308	T:0	T:0	T:0	T:0
chr1-41138076	TAG:0	TAG:0	TAG:0	TAG:0
chr1-51670983	A:0	A:0	A:0	A:0
chr1-65596110	G:0	G:0	G:0	G:0
chr1-65596111	ATGA:0	ATGA:0	ATGA:0	ATGA:0
chr1-67301931	GAGAG:0	GAGAG:0	GAGAG:0	GAGAG:0
chr1-121485071	C:0.5	C:0.5	C:0.5	C:0.5
chr1-121485088	T:0	T:0	T:0	T:0
chr1-121485246	G:0.25	G:0.25	G:0.25	G:0.25
chr1-121485248	A:0.75	A:0.75	A:0.75	A:0.75
chr1-121485251	A:0	A:0	A:0	A:0
chr1-121485318	T:0.5	T:0.5	T:0.5	T:0.5
chr1-142625145	C:0	C:0	C:0	C:0
chr1-142625177	A:0	A:0	A:0	A:0
chr1-145139204	T:1	T:1	T:1	T:1
chr1-145139216	T:1	T:1	T:1	T:1
chr1-145139230	T:1	T:1	T:1	T:1
chr1-145139232	T:0.75	T:0.75	T:0.75	T:0.75
chr1-145139268	A:1	A:1	A:1	A:1
chr1-145139294	G:1	G:1	G:1	G:1
chr1-145139328	A:1	A:1	A:1	A:1
chr1-145139338	C:1	C:1	C:1	C:1
chr1-145139446	A:1	A:1	A:1	A:1
chr1-145139456	A:1	A:1	A:1	A:1
chr1-145139486	G:1	G:1	G:1	G:1
chr1-145139488	T:1	T:1	T:1	T:1
chr1-145139493	A:1	A:1	A:1	A:1
chr1-145139827	A:0.75	A:0.75	A:0.75	A:0.75
chr1-145139845	T:1	T:1	T:1	T:1
chr1-145139852	G:0.5	G:0.5	G:0.5	G:0.5
chr1-145139857	T:1	T:1	T:1	T:1
chr1-145140009	T:1	T:1	T:1	T:1
chr1-151873391	A:0	A:0	A:0	A:0
chr1-151873406	C:0	C:0	C:0	C:0
chr1-151873446	A:0	A:0	A:0	A:0
chr1-167591141	AGGAA:0	AGGAA:0	AGGAA:0	AGGAA:0
chr1-167591157	G:0	G:0	G:0	G:0
chr1-190296480	AGGAA:0	AGGAA:0	AGGAA:0	AGGAA:0
chr1-203471963	T:0	T:0	T:0	T:0
chr1-214656378	C:0	C:0	C:0	C:0
chr1-214656413	T:0	T:0	T:0	T:0
chr1-214656500	T:0	T:0	T:0	T:0
chr1-214656526	TG:0	TG:0	TG:0	TG:0
chr1-214656575	C:0	C:0	C:0	C:0
chr1-214656606	CTCTTA:0	CTCTTA:0	CTCTTA:0	CTCTTA:0
chr1-214656668	GC:0	GC:0	GC:0	GC:0
chr1-214656696	C:0.75	C:0.75	C:0.75	C:0.75
chr1-233734435	C:0	C:0	C:0	C:0
chr1-242227169	A:0	A:0	A:0	A:0
chr1-242227255	ATTTTTTGTATTTTTAG:0	ATTTTTTGTATTTTTAG:0	ATTTTTTGTATTTTTAG:0	ATTTTTTGTATTTTTAG:0
chr1-242227273	CA:0	CA:0	CA:0	CA:0
